title,company,location,date
Senior Full Stack Software Engineer .NET Angular,Ubiminds,Remote,2026-02-06
Senior Automation Engineer Java,Ubiminds,Remote,2026-02-06
Security Engineer ISSO,Accenture Federal Services,"Chantilly, VA",2026-02-06
Application Security Engineer,Anthropic,"San Francisco, CA",2026-02-06
GenAI Security Engineer,Point72,"New York, NY",2026-02-06
DevOps Engineer,Higher Logic,"Remote-Ontario, Quebec",2026-02-06
Machine Learning Engineer II Ad Forecasting,Spotify,"New York, NY",2026-02-06
Staff Software Engineer Distributed Simulation,Anduril Industries,Seattle,2026-02-06
Systems Engineer Enterprise Middleware,Spry Methods,"Washington, DC",2026-02-06
Senior Sales Engineer Data & AI Security,Veeam Software,Netherlands,2026-02-06
Software Development Engineer Test Brazil,Platform Science,Londrina,2026-02-06
Senior Enterprise Middleware Engineer,Spry Methods,"Washington, DC",2026-02-06
Technical Account Manager,FireMon,"UK, Remote",2026-02-06
Senior Angular Software Engineer,Aiwyn,US based,2026-02-06
